5,true,2023-01-31T04:49:44.832Z
7,false,2022-10-03T02:29:00.154Z
1,false,2022-12-14T11:21:53.472Z
8,true,2023-11-15T22:16:09.176Z
6,true,2023-09-20T17:52:59.305Z
1,true,2023-07-06T20:12:14.140Z
4,true,2023-01-16T23:41:49.796Z
10000,false,2020-03-01T15:45:27.188Z
3,false,2021-05-18T21:26:22.723Z
5,true,2020-06-27T02:21:44.171Z
4,true,2023-03-24T19:50:43.583Z
10000,true,2023-11-12T14:46:01.773Z
6,true,2023-03-22T12:53:09.143Z
8,false,2021-10-22T23:24:35.364Z
3,false,2023-08-08T19:25:03.794Z
7,false,2023-10-11T16:47:25.572Z
2,true,2022-03-05T05:59:49.947Z
2,true,2023-04-05T20:47:45.356Z